{"assets/fonts/AutografPersonalUseOnly-mOBm.ttf":["assets/fonts/AutografPersonalUseOnly-mOBm.ttf"],"assets/fonts/Poppins-Medium.otf":["assets/fonts/Poppins-Medium.otf"],"assets/fonts/Rubik-VariableFont_wght.ttf":["assets/fonts/Rubik-VariableFont_wght.ttf"],"assets/fonts/signiture2.ttf":["assets/fonts/signiture2.ttf"],"assets/imgs/51953.png":["assets/imgs/51953.png"],"assets/imgs/GitHub-Emblem.pdf":["assets/imgs/GitHub-Emblem.pdf"],"assets/imgs/GitHub-Emblem.png":["assets/imgs/GitHub-Emblem.png"],"assets/imgs/GitHub-Emblem.svg":["assets/imgs/GitHub-Emblem.svg"],"assets/imgs/ML_added.png":["assets/imgs/ML_added.png"],"assets/imgs/ML_addmachine.png":["assets/imgs/ML_addmachine.png"],"assets/imgs/ML_console.png":["assets/imgs/ML_console.png"],"assets/imgs/ML_login.png":["assets/imgs/ML_login.png"],"assets/imgs/ML_reg.png":["assets/imgs/ML_reg.png"],"assets/imgs/ML_users.png":["assets/imgs/ML_users.png"],"assets/imgs/WebPortfolio.png":["assets/imgs/WebPortfolio.png"],"assets/imgs/borderdraw.png":["assets/imgs/borderdraw.png"],"assets/imgs/fakebook1.jpg":["assets/imgs/fakebook1.jpg"],"assets/imgs/fakebook2.jpg":["assets/imgs/fakebook2.jpg"],"assets/imgs/fakebook3.jpg":["assets/imgs/fakebook3.jpg"],"assets/imgs/fakebook4.jpg":["assets/imgs/fakebook4.jpg"],"assets/imgs/fakebook5.jpg":["assets/imgs/fakebook5.jpg"],"assets/imgs/fakebook6.jpg":["assets/imgs/fakebook6.jpg"],"assets/imgs/fakebook7.jpg":["assets/imgs/fakebook7.jpg"],"assets/imgs/fakebook8.jpg":["assets/imgs/fakebook8.jpg"],"assets/imgs/fakebook9.jpg":["assets/imgs/fakebook9.jpg"],"assets/imgs/linkedin-logo2.png":["assets/imgs/linkedin-logo2.png"],"assets/imgs/output.png":["assets/imgs/output.png"],"assets/imgs/placeholder.jpg":["assets/imgs/placeholder.jpg"],"assets/imgs/project.png":["assets/imgs/project.png"],"assets/imgs/vblk.png":["assets/imgs/vblk.png"],"assets/imgs/vwht.png":["assets/imgs/vwht.png"],"packages/cupertino_icons/assets/CupertinoIcons.ttf":["packages/cupertino_icons/assets/CupertinoIcons.ttf"],"packages/dev_icons/fonts/devicon.ttf":["packages/dev_icons/fonts/devicon.ttf"],"packages/font_awesome_flutter/lib/fonts/fa-brands-400.ttf":["packages/font_awesome_flutter/lib/fonts/fa-brands-400.ttf"],"packages/font_awesome_flutter/lib/fonts/fa-regular-400.ttf":["packages/font_awesome_flutter/lib/fonts/fa-regular-400.ttf"],"packages/font_awesome_flutter/lib/fonts/fa-solid-900.ttf":["packages/font_awesome_flutter/lib/fonts/fa-solid-900.ttf"]}