[{"family":"MaterialIcons","fonts":[{"asset":"fonts/MaterialIcons-Regular.otf"}]},{"family":"Poppin","fonts":[{"asset":"assets/fonts/Poppins-Medium.otf"}]},{"family":"Rubik","fonts":[{"asset":"assets/fonts/Rubik-VariableFont_wght.ttf"}]},{"family":"SignitureA","fonts":[{"asset":"assets/fonts/AutografPersonalUseOnly-mOBm.ttf"}]},{"family":"SignitureB","fonts":[{"asset":"assets/fonts/signiture2.ttf"}]},{"family":"packages/cupertino_icons/CupertinoIcons","fonts":[{"asset":"packages/cupertino_icons/assets/CupertinoIcons.ttf"}]},{"family":"packages/dev_icons/DevIcons","fonts":[{"asset":"packages/dev_icons/fonts/devicon.ttf"}]},{"family":"packages/font_awesome_flutter/FontAwesomeBrands","fonts":[{"weight":400,"asset":"packages/font_awesome_flutter/lib/fonts/fa-brands-400.ttf"}]},{"family":"packages/font_awesome_flutter/FontAwesomeRegular","fonts":[{"weight":400,"asset":"packages/font_awesome_flutter/lib/fonts/fa-regular-400.ttf"}]},{"family":"packages/font_awesome_flutter/FontAwesomeSolid","fonts":[{"weight":900,"asset":"packages/font_awesome_flutter/lib/fonts/fa-solid-900.ttf"}]}]